Date,d,Week,Weekend,Day,Month,Holiday,Product_1,Product_2,Product_3
2005/1/1,1,1,0,1,1,0,2251,1022.447625,711.26
2005/1/2,2,2,0,2,1,0,2319,1191.538161,755.07
2005/1/3,3,3,0,3,1,0,1362,969.5831449,1146.14
2005/1/4,4,4,0,4,1,0,2044,1252.05865,1094.43
2005/1/5,5,5,0,5,1,0,2455,1692.547029,766.28
2005/1/6,6,6,1,6,1,0,1107,843.2030763,1418.17
2005/1/7,7,7,1,7,1,0,1529,1299.772379,1433.50
2005/1/8,8,1,0,8,1,0,2159,1512.765686,734.82
2005/1/9,9,2,0,9,1,0,2391,1731.398284,821.77
2005/1/10,10,3,0,10,1,0,1378,1103.944577,1176.76
2005/1/11,11,4,0,11,1,0,2048,1366.152042,1074.31
2005/1/12,12,5,0,12,1,0,2476,1561.285552,748.96
2005/1/13,13,6,1,13,1,0,1103,779.4127223,1393.12
2005/1/14,14,7,1,14,1,0,1486,919.4579208,1522.02
2005/1/15,15,1,0,15,1,0,2229,974.3708157,689.01
2005/1/16,16,2,0,16,1,0,2321,980.320247,688.88
2005/1/17,17,3,0,17,1,0,1428,767.6882597,1109.04
2005/1/18,18,4,0,18,1,0,2096,1116.33416,1125.11
2005/1/19,19,5,0,19,1,0,2424,1429.782932,768.71
2005/1/20,20,6,1,20,1,0,1086,825.1570922,1363.39
2005/1/21,21,7,1,21,1,0,1530,1166.886749,1460.05
2005/1/22,22,1,0,22,1,0,2199,1657.153624,673.43
2005/1/23,23,2,0,23,1,0,2336,1702.994735,741.95
2005/1/24,24,3,0,24,1,0,1417,1168.560234,1043.42
2005/1/25,25,4,0,25,1,0,2044,1573.581682,1040.67
2005/1/26,26,5,0,26,1,0,2454,1587.250961,719.01
2005/1/27,27,6,1,27,1,0,1150,906.2959386,1408.60
2005/1/28,28,7,1,28,1,0,1500,1074.657661,1494.19
2005/1/29,29,1,0,29,1,0,2191,1189.764693,742.01
2005/1/30,30,2,0,30,1,0,2329,1124.460465,696.03
2005/1/31,31,3,0,31,1,0,1403,672.7285974,1149.42
2005/2/1,32,4,0,1,2,0,2115,960.1485471,849.03
2005/2/2,33,5,0,2,2,0,2489,1307.060182,700.65
2005/2/3,34,6,1,3,2,0,1083,842.302074,1076.15
2005/2/4,35,7,1,4,2,0,1575,1039.837172,1248.69
2005/2/5,36,1,0,5,2,0,2264,1576.336417,687.09
2005/2/6,37,2,0,6,2,0,2443,1730.134502,703.54
2005/2/7,38,3,0,7,2,0,1449,1092.520505,855.63
2005/2/8,39,4,0,8,2,0,2071,1529.925572,912.50
2005/2/9,40,5,0,9,2,0,2505,1730.87975,651.90
2005/2/10,41,6,1,10,2,0,1142,944.2103809,1056.96
2005/2/11,42,7,1,11,2,0,1584,1121.315474,1147.78
2005/2/12,43,1,0,12,2,0,2222,1419.023538,695.92
2005/2/13,44,2,0,13,2,0,2427,1368.249193,631.00
2005/2/14,45,3,0,14,2,0,1466,770.9888905,966.23
2005/2/15,46,4,0,15,2,0,2090,911.4820987,832.82
2005/2/16,47,5,0,16,2,0,2554,1017.036698,584.00
2005/2/17,48,6,1,17,2,0,1194,661.9572274,1121.34
2005/2/18,49,7,1,18,2,0,1516,890.3910545,1266.93
2005/2/19,50,1,0,19,2,0,2221,1282.853876,589.59
2005/2/20,51,2,0,20,2,0,2419,1447.791099,655.92
2005/2/21,52,3,0,21,2,0,1441,1122.615935,853.65
2005/2/22,53,4,0,22,2,0,2145,1450.736663,913.81
2005/2/23,54,5,0,23,2,0,2525,1740.128473,712.61
2005/2/24,55,6,1,24,2,0,1163,1038.61377,1185.74
2005/2/25,56,7,1,25,2,0,1544,1117.820797,1265.07
2005/2/26,57,1,0,26,2,0,2314,1575.872752,609.99
2005/2/27,58,2,0,27,2,0,2459,1503.349527,613.49
2005/2/28,59,3,0,28,2,0,1390,958.6289944,955.89
2005/3/1,60,4,0,1,3,0,2090,947.3083395,719.48
2005/3/2,61,5,0,2,3,0,2526,1289.796316,554.87
2005/3/3,62,6,1,3,3,0,874,695.2015166,838.84
2005/3/4,63,7,1,4,3,0,1357,936.971367,941.75
2005/3/5,64,1,0,5,3,0,1893,1295.232378,501.48
2005/3/6,65,2,0,6,3,0,2076,1500.830983,510.54
2005/3/7,66,3,0,7,3,0,1225,1062.515237,776.39
2005/3/8,67,4,0,8,3,0,1797,1273.857045,746.78
2005/3/9,68,5,0,9,3,0,2155,1437.834393,610.85
2005/3/10,69,6,1,10,3,0,906,785.9526407,873.01
2005/3/11,70,7,1,11,3,0,1273,923.4797734,856.94
2005/3/12,71,1,0,12,3,0,1924,1170.56333,579.68
2005/3/13,72,2,0,13,3,0,2016,1134.971858,547.82
2005/3/14,73,3,0,14,3,0,1172,714.295294,692.83
2005/3/15,74,4,0,15,3,0,1779,801.4628512,780.57
2005/3/16,75,5,0,16,3,0,2081,917.6073141,585.35
2005/3/17,76,6,1,17,3,0,925,556.8715634,880.89
2005/3/18,77,7,1,18,3,0,1325,759.5358207,965.11
2005/3/19,78,1,0,19,3,0,1944,1110.054226,498.92
2005/3/20,79,2,0,20,3,0,1993,1272.570845,620.83
2005/3/21,80,3,0,21,3,0,1179,879.1630075,789.78
2005/3/22,81,4,0,22,3,0,1802,1323.818603,797.50
2005/3/23,82,5,0,23,3,0,2094,1414.810624,507.89
2005/3/24,83,6,1,24,3,0,936,800.1097251,882.37
2005/3/25,84,7,1,25,3,0,1286,1000.418945,939.55
2005/3/26,85,1,0,26,3,0,1869,1318.081906,577.25
2005/3/27,86,2,0,27,3,0,1994,1288.434574,529.71
2005/3/28,87,3,0,28,3,0,1233,777.6860535,792.46
2005/3/29,88,4,0,29,3,0,1802,995.0764738,757.44
2005/3/30,89,5,0,30,3,0,2145,1036.507072,544.38
2005/3/31,90,6,1,31,3,0,919,516.6535611,912.03
2005/4/1,91,7,1,1,4,0,1341,650.9233494,1636.65
2005/4/2,92,1,0,2,4,0,1938,1058.169097,839.74
2005/4/3,93,2,0,3,4,0,2454,1369.148755,842.90
2005/4/4,94,3,0,4,4,0,1416,982.2785391,1253.14
2005/4/5,95,4,0,5,4,0,2168,1368.652446,1138.03
2005/4/6,96,5,0,6,4,0,2597,1800.021573,759.72
2005/4/7,97,6,1,7,4,0,1131,875.7864474,1498.15
2005/4/8,98,7,1,8,4,0,1615,1285.651622,1590.28
2005/4/9,99,1,0,9,4,0,2309,1582.963206,818.88
2005/4/10,100,2,0,10,4,0,2525,1702.24114,824.84
2005/4/11,101,3,0,11,4,0,1484,941.0410698,1146.60
2005/4/12,102,4,0,12,4,0,2198,1305.249499,1226.25
2005/4/13,103,5,0,13,4,0,2599,1380.95766,764.48
2005/4/14,104,6,1,14,4,0,1080,679.7902497,1532.12
2005/4/15,105,7,1,15,4,0,1670,739.940661,1577.17
2005/4/16,106,1,0,16,4,0,2368,981.2542049,770.92
2005/4/17,107,2,0,17,4,0,2450,1062.129447,818.04
2005/4/18,108,3,0,18,4,0,1462,819.3315622,1249.84
2005/4/19,109,4,0,19,4,0,2119,1206.884886,1191.85
2005/4/20,110,5,0,20,4,0,2586,1585.708844,757.10
2005/4/21,111,6,1,21,4,0,1147,843.281069,1519.63
2005/4/22,112,7,1,22,4,0,1596,1089.762615,1709.62
2005/4/23,113,1,0,23,4,0,2311,1507.548061,840.62
2005/4/24,114,2,0,24,4,0,2480,1747.294023,761.92
2005/4/25,115,3,0,25,4,0,1463,1137.93606,1137.57
2005/4/26,116,4,0,26,4,0,2170,1449.127408,1182.99
2005/4/27,117,5,0,27,4,0,2572,1622.602765,737.49
2005/4/28,118,6,1,28,4,0,1125,805.6308535,1437.76
2005/4/29,119,7,1,29,4,0,1631,891.326596,1636.94
2005/4/30,120,1,0,30,4,0,2384,1146.660922,846.00
2005/5/1,121,2,0,1,5,0,2507,1075.207223,516.80
2005/5/2,122,3,0,2,5,0,1472,819.0127599,582.51
2005/5/3,123,4,0,3,5,0,2165,1181.780979,530.98
2005/5/4,124,5,0,4,5,0,2651,1610.26855,546.26
2005/5/5,125,6,1,5,5,0,1199,928.9598176,658.42
2005/5/6,126,7,1,6,5,0,1596,1199.317234,705.71
2005/5/7,127,1,0,7,5,0,2338,1559.160255,469.21
2005/5/8,128,2,0,8,5,0,2474,1654.809203,520.95
2005/5/9,129,3,0,9,5,0,1429,1109.376453,612.30
2005/5/10,130,4,0,10,5,0,2185,1373.569684,609.49
2005/5/11,131,5,0,11,5,0,2660,1548.229289,513.85
2005/5/12,132,6,1,12,5,0,1099,768.4233323,690.70
2005/5/13,133,7,1,13,5,0,1688,1022.434827,693.35
2005/5/14,134,1,0,14,5,0,2349,1120.857008,459.37
2005/5/15,135,2,0,15,5,0,2524,1012.560728,510.06
2005/5/16,136,3,0,16,5,0,1432,663.0971463,563.82
2005/5/17,137,4,0,17,5,0,2220,1036.755557,608.74
2005/5/18,138,5,0,18,5,0,2591,1281.9889,488.28
2005/5/19,139,6,1,19,5,0,1215,814.2418236,647.97
2005/5/20,140,7,1,20,5,0,1687,1098.905395,664.19
2005/5/21,141,1,0,21,5,0,2413,1577.011954,523.90
2005/5/22,142,2,0,22,5,0,2529,1676.893142,482.50
2005/5/23,143,3,0,23,5,0,1500,1186.943927,576.65
2005/5/24,144,4,0,24,5,0,2146,1511.146461,608.73
2005/5/25,145,5,0,25,5,0,2595,1750.940653,560.99
2005/5/26,146,6,1,26,5,0,1189,789.0894126,750.36
2005/5/27,147,7,1,27,5,0,1623,1001.261756,725.84
2005/5/28,148,1,0,28,5,0,2393,1385.241506,508.78
2005/5/29,149,2,0,29,5,0,2514,1285.10035,483.85
2005/5/30,150,3,0,30,5,0,1432,722.1695804,589.58
2005/5/31,151,4,0,31,5,0,2192,857.9290086,633.88
2005/6/1,152,5,0,1,6,0,2694,1146.960648,727.23
2005/6/2,153,6,1,2,6,0,1122,645.0741081,1237.10
2005/6/3,154,7,1,3,6,0,1293,747.7952575,1413.40
2005/6/4,155,1,0,4,6,0,1928,1191.255014,639.91
2005/6/5,156,2,0,5,6,0,2007,1315.78508,755.70
2005/6/6,157,3,0,6,6,0,1187,958.4590185,1015.95
2005/6/7,158,4,0,7,6,0,1743,1234.23671,963.77
2005/6/8,159,5,0,8,6,0,2138,1499.601286,650.70
2005/6/9,160,6,1,9,6,0,822,654.709004,1245.74
2005/6/10,161,7,1,10,6,0,1356,1043.041007,1338.63
2005/6/11,162,1,0,11,6,0,1887,1126.30649,744.00
2005/6/12,163,2,0,12,6,0,2027,1112.238619,658.99
2005/6/13,164,3,0,13,6,0,1222,755.5491377,1059.68
2005/6/14,165,4,0,14,6,0,1760,873.9566789,991.90
2005/6/15,166,5,0,15,6,0,2180,949.383966,667.92
2005/6/16,167,6,1,16,6,0,980,463.2463034,1345.58
2005/6/17,168,7,1,17,6,0,1246,626.9632078,1370.06
2005/6/18,169,1,0,18,6,0,1931,1041.450842,728.29
2005/6/19,170,2,0,19,6,0,2023,1159.622845,779.60
2005/6/20,171,3,0,20,6,0,1239,765.2929576,1080.09
2005/6/21,172,4,0,21,6,0,1815,1227.470636,1069.59
2005/6/22,173,5,0,22,6,0,2199,1504.65965,758.75
2005/6/23,174,6,1,23,6,0,937,768.195471,1372.41
2005/6/24,175,7,1,24,6,0,1278,1009.500586,1366.61
2005/6/25,176,1,0,25,6,0,1972,1403.916255,745.45
2005/6/26,177,2,0,26,6,0,2109,1325.98846,656.02
2005/6/27,178,3,0,27,6,0,1193,828.782098,1118.87
2005/6/28,179,4,0,28,6,0,1854,1051.185552,1017.57
2005/6/29,180,5,0,29,6,0,2168,1061.558372,744.57
2005/6/30,181,6,1,30,6,0,948,487.9896575,1334.32
2005/7/1,182,7,1,1,7,0,1329,620.4587908,1572.75
2005/7/2,183,1,0,2,7,0,1996,959.3942173,710.57
2005/7/3,184,2,0,3,7,0,2476,1377.025997,683.39
2005/7/4,185,3,0,4,7,0,1457,999.4895135,1049.53
2005/7/5,186,4,0,5,7,0,2122,1330.360429,1128.40
2005/7/6,187,5,0,6,7,0,2574,1637.441665,787.06
2005/7/7,188,6,1,7,7,0,1064,864.8992033,1418.42
2005/7/8,189,7,1,8,7,0,1623,1110.400406,1525.02
2005/7/9,190,1,0,9,7,0,2269,1399.656911,754.61
2005/7/10,191,2,0,10,7,0,2422,1621.992279,810.11
2005/7/11,192,3,0,11,7,0,1479,957.6589455,1077.53
2005/7/12,193,4,0,12,7,0,2126,1208.724637,1027.72
2005/7/13,194,5,0,13,7,0,2627,1382.302363,754.13
2005/7/14,195,6,1,14,7,0,1123,678.2676719,1441.86
2005/7/15,196,7,1,15,7,0,1580,670.2077956,1500.06
2005/7/16,197,1,0,16,7,0,2315,871.8690565,767.31
2005/7/17,198,2,0,17,7,0,2502,1040.961998,745.25
2005/7/18,199,3,0,18,7,0,1421,763.0372758,1126.51
2005/7/19,200,4,0,19,7,0,2151,1217.009678,1022.80
2005/7/20,201,5,0,20,7,0,2533,1466.929658,716.26
2005/7/21,202,6,1,21,7,0,1131,732.0574188,1443.24
2005/7/22,203,7,1,22,7,0,1573,1090.6512,1529.60
2005/7/23,204,1,0,23,7,0,2343,1614.422263,797.89
2005/7/24,205,2,0,24,7,0,2472,1633.538718,697.44
2005/7/25,206,3,0,25,7,0,1465,1076.505344,1071.84
2005/7/26,207,4,0,26,7,0,2122,1408.280436,1096.13
2005/7/27,208,5,0,27,7,0,2580,1520.319419,675.97
2005/7/28,209,6,1,28,7,0,1160,683.2098072,1462.77
2005/7/29,210,7,1,29,7,0,1576,852.338956,1569.15
2005/7/30,211,1,0,30,7,0,2292,986.479153,809.35
2005/7/31,212,2,0,31,7,0,2441,919.2638909,699.97
2005/8/1,213,3,0,1,8,0,1471,611.3586431,596.18
2005/8/2,214,4,0,2,8,0,2170,994.5873873,458.68
2005/8/3,215,5,0,3,8,0,2631,1325.472501,410.79
2005/8/4,216,6,1,4,8,0,1200,787.6886254,609.95
2005/8/5,217,7,1,5,8,0,1694,1081.73136,663.52
2005/8/6,218,1,0,6,8,0,2333,1458.458317,455.33
2005/8/7,219,2,0,7,8,0,2531,1569.601009,456.57
2005/8/8,220,3,0,8,8,0,1448,1058.746248,543.97
2005/8/9,221,4,0,9,8,0,2195,1377.101198,585.66
2005/8/10,222,5,0,10,8,0,2643,1529.215784,471.21
2005/8/11,223,6,1,11,8,0,1199,722.2763874,652.84
2005/8/12,224,7,1,12,8,0,1680,961.8244006,536.68
2005/8/13,225,1,0,13,8,0,2369,1198.876473,424.69
2005/8/14,226,2,0,14,8,0,2514,1126.168964,404.26
2005/8/15,227,3,0,15,8,0,1441,624.4127424,563.19
2005/8/16,228,4,0,16,8,0,2206,799.6189279,568.95
2005/8/17,229,5,0,17,8,0,2643,1060.480524,483.17
2005/8/18,230,6,1,18,8,0,1186,616.9132761,612.01
2005/8/19,231,7,1,19,8,0,1579,942.1224864,613.38
2005/8/20,232,1,0,20,8,0,2377,1311.967718,508.03
2005/8/21,233,2,0,21,8,0,2537,1476.574892,506.65
2005/8/22,234,3,0,22,8,0,1442,1007.71125,464.68
2005/8/23,235,4,0,23,8,0,2163,1361.413415,533.13
2005/8/24,236,5,0,24,8,0,2627,1583.650753,509.59
2005/8/25,237,6,1,25,8,0,1263,934.8432263,524.93
2005/8/26,238,7,1,26,8,0,3156,1031.746999,658.08
2005/8/27,239,1,0,27,8,0,3717,1399.159667,415.05
2005/8/28,240,2,0,28,8,0,1851,1364.189433,449.09
2005/8/29,241,3,0,29,8,0,2227,801.0783911,482.55
2005/8/30,242,4,0,30,8,0,3371,950.0834009,571.02
2005/8/31,243,5,0,31,8,0,3487,940.272903,504.95
2005/9/1,244,6,1,1,9,0,2105,515.1352198,1535.80
2005/9/2,245,7,1,2,9,0,3118,737.9622865,1686.78
2005/9/3,246,1,0,3,9,0,3101,1083.41071,865.57
2005/9/4,247,2,0,4,9,0,1397,1225.004902,851.36
2005/9/5,248,3,0,5,9,0,2085,805.8086039,1214.16
2005/9/6,249,4,0,6,9,0,2842,1265.980141,1171.75
2005/9/7,250,5,0,7,9,0,3017,1356.118726,867.20
2005/9/8,251,6,1,8,9,0,1784,712.0638536,1539.05
2005/9/9,252,7,1,9,9,0,2653,879.208352,1653.56
2005/9/10,253,1,0,10,9,0,3677,1327.046512,734.44
2005/9/11,254,2,0,11,9,0,1804,1266.029049,763.14
2005/9/12,255,3,0,12,9,0,2349,728.6038818,1214.76
2005/9/13,256,4,0,13,9,0,3319,874.1526016,1153.34
2005/9/14,257,5,0,14,9,0,3493,940.92884,786.07
2005/9/15,258,6,1,15,9,0,2164,482.3288213,1589.37
2005/9/16,259,7,1,16,9,0,3085,506.5657399,1731.91
2005/9/17,260,1,0,17,9,0,3749,834.0964424,861.19
2005/9/18,261,2,0,18,9,0,1655,993.5087107,883.64
2005/9/19,262,3,0,19,9,0,2348,656.7050363,1243.15
2005/9/20,263,4,0,20,9,0,3287,1079.378249,1162.96
2005/9/21,264,5,0,21,9,0,3013,1392.140505,819.78
2005/9/22,265,6,1,22,9,0,1889,638.8725341,1643.45
2005/9/23,266,7,1,23,9,0,2704,805.0026447,1717.91
2005/9/24,267,1,0,24,9,0,3284,1222.586616,872.48
2005/9/25,268,2,0,25,9,0,1506,1342.393571,773.14
2005/9/26,269,3,0,26,9,0,2006,825.6356266,1234.93
2005/9/27,270,4,0,27,9,0,2899,1052.905039,1216.74
2005/9/28,271,5,0,28,9,0,3037,1171.289574,822.97
2005/9/29,272,6,1,29,9,0,1797,535.9725867,1620.60
2005/9/30,273,7,1,30,9,0,2664,673.100732,1703.37
2005/10/1,274,1,0,1,10,0,3240,772.810495,679.32
2005/10/2,275,2,0,2,10,0,1465,982.563049,654.18
2005/10/3,276,3,0,3,10,0,1994,787.1229495,921.27
2005/10/4,277,4,0,4,10,0,2926,1273.749515,875.88
2005/10/5,278,5,0,5,10,0,2302,1590.247969,634.13
2005/10/6,279,6,1,6,10,0,1224,867.7646976,1084.72
2005/10/7,280,7,1,7,10,0,1718,1107.550747,1049.57
2005/10/8,281,1,0,8,10,0,2385,1500.413194,642.63
2005/10/9,282,2,0,9,10,0,2525,1543.757713,557.29
2005/10/10,283,3,0,10,10,0,1510,963.7982817,888.39
2005/10/11,284,4,0,11,10,0,2198,1232.81589,842.36
2005/10/12,285,5,0,12,10,0,2675,1426.296091,608.03
2005/10/13,286,6,1,13,10,0,1253,697.7156724,1068.02
2005/10/14,287,7,1,14,10,0,1662,775.5079496,1102.27
2005/10/15,288,1,0,15,10,0,2417,871.7133897,626.51
2005/10/16,289,2,0,16,10,0,2523,831.0893514,590.14
2005/10/17,290,3,0,17,10,0,1549,727.6764049,886.42
2005/10/18,291,4,0,18,10,0,2199,995.8709024,880.93
2005/10/19,292,5,0,19,10,0,2739,1410.771153,583.50
2005/10/20,293,6,1,20,10,0,1195,814.7967045,1024.55
2005/10/21,294,7,1,21,10,0,1633,1078.447058,1066.84
2005/10/22,295,1,0,22,10,0,2424,1474.706763,647.61
2005/10/23,296,2,0,23,10,0,2579,1555.567544,622.90
2005/10/24,297,3,0,24,10,0,1553,1022.922588,813.59
2005/10/25,298,4,0,25,10,0,2193,1303.211916,921.03
2005/10/26,299,5,0,26,10,0,2685,1635.621989,626.29
2005/10/27,300,6,1,27,10,0,1209,763.1926183,1002.47
2005/10/28,301,7,1,28,10,0,1674,972.5688272,1078.48
2005/10/29,302,1,0,29,10,0,2373,1110.784174,560.23
2005/10/30,303,2,0,30,10,0,2582,1093.942958,621.94
2005/10/31,304,3,0,31,10,0,1500,580.7347181,877.65
2005/11/1,305,4,0,1,11,0,2203,898.3271711,911.85
2005/11/2,306,5,0,2,11,0,2711,1144.155529,675.57
2005/11/3,307,6,1,3,11,0,1242,757.9160232,1054.67
2005/11/4,308,7,1,4,11,0,1735,909.7670022,1139.20
2005/11/5,309,1,0,5,11,0,2398,1393.26392,589.03
2005/11/6,310,2,0,6,11,0,2575,1547.513217,620.28
2005/11/7,311,3,0,7,11,0,1497,906.8649084,980.31
2005/11/8,312,4,0,8,11,0,2256,1362.954925,955.15
2005/11/9,313,5,0,9,11,0,2698,1675.564944,691.56
2005/11/10,314,6,1,10,11,0,1240,861.9520474,1128.80
2005/11/11,315,7,1,11,11,0,1691,912.9731859,1188.69
2005/11/12,316,1,0,12,11,0,2411,1316.386399,618.76
2005/11/13,317,2,0,13,11,0,2647,1241.726813,626.55
2005/11/14,318,3,0,14,11,0,1474,631.2272544,895.75
2005/11/15,319,4,0,15,11,0,2287,785.2738214,934.63
2005/11/16,320,5,0,16,11,0,2748,947.3797324,718.49
2005/11/17,321,6,1,17,11,0,1271,508.3085053,1160.51
2005/11/18,322,7,1,18,11,0,1683,825.9203931,1161.48
2005/11/19,323,1,0,19,11,0,2473,1287.162354,711.68
2005/11/20,324,2,0,20,11,0,2649,1398.860104,717.00
2005/11/21,325,3,0,21,11,0,1499,970.5573086,866.96
2005/11/22,326,4,0,22,11,0,2229,1366.985256,850.27
2005/11/23,327,5,0,23,11,0,2680,1659.972916,672.27
2005/11/24,328,6,1,24,11,0,1213,741.8193849,1067.88
2005/11/25,329,7,1,25,11,0,1681,1019.411278,1284.83
2005/11/26,330,1,0,26,11,0,2394,1372.055281,668.20
2005/11/27,331,2,0,27,11,0,2650,1509.095509,692.62
2005/11/28,332,3,0,28,11,0,1552,807.9097358,909.01
2005/11/29,333,4,0,29,11,0,2291,1024.119656,948.79
2005/11/30,334,5,0,30,11,0,2721,1136.139468,680.77
2005/12/1,335,6,1,1,12,0,1261,563.6459584,1617.43
2005/12/2,336,7,1,2,12,0,1718,774.8320422,1720.79
2005/12/3,337,1,0,3,12,0,2029,1074.266715,855.35
2005/12/4,338,2,0,4,12,0,2093,1183.164781,785.48
2005/12/5,339,3,0,5,12,0,1305,738.6066911,1229.36
2005/12/6,340,4,0,6,12,0,1901,1123.22314,1290.72
2005/12/7,341,5,0,7,12,0,2272,1404.533471,892.05
2005/12/8,342,6,1,8,12,0,946,683.5382482,1533.01
2005/12/9,343,7,1,9,12,0,1330,903.1532207,1807.83
2005/12/10,344,1,0,10,12,0,1985,1269.668802,850.37
2005/12/11,345,2,0,11,12,0,2107,1186.465151,769.94
2005/12/12,346,3,0,12,12,0,1241,719.0653903,1227.92
2005/12/13,347,4,0,13,12,0,1835,874.7829959,1327.59
2005/12/14,348,5,0,14,12,0,2231,932.8558322,887.48
2005/12/15,349,6,1,15,12,0,1002,436.8784508,1599.22
2005/12/16,350,7,1,16,12,0,1370,496.1139675,1681.31
2005/12/17,351,1,0,17,12,0,1964,835.8810432,806.23
2005/12/18,352,2,0,18,12,0,2138,954.2597442,907.68
2005/12/19,353,3,0,19,12,0,1265,732.5626708,1255.10
2005/12/20,354,4,0,20,12,0,1811,966.3478072,1205.48
2005/12/21,355,5,0,21,12,0,2190,1322.840698,885.24
2005/12/22,356,6,1,22,12,0,914,724.9494831,1684.19
2005/12/23,357,7,1,23,12,0,1302,769.5007552,1802.95
2005/12/24,358,1,0,24,12,0,1979,1167.073182,863.40
2005/12/25,359,2,0,25,12,0,2148,1378.266766,852.58
2005/12/26,360,3,0,26,12,0,1262,751.1248866,1224.86
2005/12/27,361,4,0,27,12,0,1911,1077.915969,1201.76
2005/12/28,362,5,0,28,12,0,2238,1108.351751,895.63
2005/12/29,363,6,1,29,12,0,894,479.1703165,1659.96
2005/12/30,364,7,1,30,12,1,2589,999.5507357,1791.49
2005/12/31,365,1,0,31,12,1,3620,1200.73353,746.63
2006/1/1,366,2,0,1,1,0,2028,820.4217594,876.08
2006/1/2,367,3,0,2,1,0,2522,997.0848685,1243.68
2006/1/3,368,4,0,3,1,0,1516,784.5956745,1215.81
2006/1/4,369,5,0,4,1,0,2163,1197.298169,807.80
2006/1/5,370,6,1,5,1,0,2702,1478.818731,1513.96
2006/1/6,371,7,1,6,1,0,1164,736.9459846,1748.59
2006/1/7,372,1,0,7,1,0,1681,992.8968221,843.87
2006/1/8,373,2,0,8,1,0,2332,1334.563833,800.55
2006/1/9,374,3,0,9,1,0,2489,1468.712228,1330.30
2006/1/10,375,4,0,10,1,0,1517,829.0159258,1265.99
2006/1/11,376,5,0,11,1,0,2223,1285.786653,839.50
2006/1/12,377,6,1,12,1,0,2623,1374.076379,1538.11
2006/1/13,378,7,1,13,1,0,1273,615.3164158,1677.92
2006/1/14,379,1,0,14,1,0,1619,665.2710663,739.60
2006/1/15,380,2,0,15,1,0,2387,804.2162471,868.66
2006/1/16,381,3,0,16,1,0,2576,860.369293,1222.49
2006/1/17,382,4,0,17,1,0,1498,557.9086592,1239.67
2006/1/18,383,5,0,18,1,0,2168,892.9296289,819.88
2006/1/19,384,6,1,19,1,0,2695,1250.798943,1650.67
2006/1/20,385,7,1,20,1,0,1127,719.4804274,1731.11
2006/1/21,386,1,0,21,1,0,1643,873.6814106,856.66
2006/1/22,387,2,0,22,1,0,2363,1357.91846,873.09
2006/1/23,388,3,0,23,1,0,2555,1451.706344,1319.34
2006/1/24,389,4,0,24,1,0,1464,876.8906049,1181.91
2006/1/25,390,5,0,25,1,0,2205,1346.191302,796.85
2006/1/26,391,6,1,26,1,0,2691,1562.040291,1548.06
2006/1/27,392,7,1,27,1,0,1277,675.1503609,1730.27
2006/1/28,393,1,0,28,1,0,1599,766.5427909,781.69
2006/1/29,394,2,0,29,1,0,2378,1083.144553,826.17
2006/1/30,395,3,0,30,1,0,2501,991.8186374,1325.33
2006/1/31,396,4,0,31,1,0,1489,542.0270235,1214.07
2006/2/1,397,5,0,1,2,0,2253,860.8254833,645.30
2006/2/2,398,6,1,2,2,0,2753,1139.578503,1213.27
2006/2/3,399,7,1,3,2,0,1232,612.2198155,1387.73
2006/2/4,400,1,0,4,2,0,1668,857.3827136,669.24
2006/2/5,401,2,0,5,2,0,2398,1287.579865,650.82
2006/2/6,402,3,0,6,2,0,2641,1558.779613,1042.01
2006/2/7,403,4,0,7,2,0,1530,961.429082,1057.17
2006/2/8,404,5,0,8,2,0,2247,1278.765507,771.96
2006/2/9,405,6,1,9,2,0,2767,1503.858378,1251.68
2006/2/10,406,7,1,10,2,0,1263,864.440849,1425.47
2006/2/11,407,1,0,11,2,0,1722,936.7544287,616.00
2006/2/12,408,2,0,12,2,0,2447,1143.320183,724.08
2006/2/13,409,3,0,13,2,0,2595,1217.296498,976.75
2006/2/14,410,4,0,14,2,0,1521,635.6740259,1014.78
2006/2/15,411,5,0,15,2,0,2300,835.2701577,737.49
2006/2/16,412,6,1,16,2,0,2746,871.6528965,1237.22
2006/2/17,413,7,1,17,2,0,1268,534.5127726,1396.26
2006/2/18,414,1,0,18,2,0,1662,739.5625672,728.04
2006/2/19,415,2,0,19,2,0,2438,1134.813721,768.42
2006/2/20,416,3,0,20,2,0,2670,1340.436961,1048.37
2006/2/21,417,4,0,21,2,0,1528,923.911574,1079.61
2006/2/22,418,5,0,22,2,0,2246,1203.026117,749.26
2006/2/23,419,6,1,23,2,0,2689,1461.736877,1271.64
2006/2/24,420,7,1,24,2,0,1260,783.8818269,1439.07
2006/2/25,421,1,0,25,2,0,1727,947.4209248,699.68
2006/2/26,422,2,0,26,2,0,2486,1373.148357,752.82
2006/2/27,423,3,0,27,2,0,2596,1251.956763,1018.73
2006/2/28,424,4,0,28,2,0,1589,829.8648366,1056.45
2006/3/1,425,5,0,1,3,0,2297,871.182139,602.53
2006/3/2,426,6,1,2,3,0,2781,1074.10114,947.87
2006/3/3,427,7,1,3,3,0,1173,625.0131082,1058.92
2006/3/4,428,1,0,4,3,0,1362,691.099812,555.17
2006/3/5,429,2,0,5,3,0,2017,1036.765656,567.43
2006/3/6,430,3,0,6,3,0,2226,1171.945394,818.96
2006/3/7,431,4,0,7,3,0,1265,734.8793576,721.25
2006/3/8,432,5,0,8,3,0,1874,1188.311841,636.10
2006/3/9,433,6,1,9,3,0,2244,1288.66362,997.34
2006/3/10,434,7,1,10,3,0,1006,691.8484085,1092.58
2006/3/11,435,1,0,11,3,0,1365,689.5783418,613.23
2006/3/12,436,2,0,12,3,0,2078,1051.849355,577.46
2006/3/13,437,3,0,13,3,0,2245,928.5332978,740.01
2006/3/14,438,4,0,14,3,0,1324,528.3050898,738.65
2006/3/15,439,5,0,15,3,0,1861,630.6636519,533.57
2006/3/16,440,6,1,16,3,0,2258,748.318982,906.19
2006/3/17,441,7,1,17,3,0,1018,440.5550052,1053.19
2006/3/18,442,1,0,18,3,0,1367,588.485846,608.42
2006/3/19,443,2,0,19,3,0,2057,1005.329861,576.93
2006/3/20,444,3,0,20,3,0,2188,1164.800779,880.44
2006/3/21,445,4,0,21,3,0,1312,747.3771919,736.76
2006/3/22,446,5,0,22,3,0,1891,1068.697117,532.79
2006/3/23,447,6,1,23,3,0,2261,1222.187171,1025.11
2006/3/24,448,7,1,24,3,0,970,584.9845642,1050.43
2006/3/25,449,1,0,25,3,0,1381,859.7705186,590.48
2006/3/26,450,2,0,26,3,0,2018,1113.089763,609.06
2006/3/27,451,3,0,27,3,0,2240,1078.615379,741.05
2006/3/28,452,4,0,28,3,0,1301,592.331497,811.71
2006/3/29,453,5,0,29,3,0,1942,895.6317075,656.71
2006/3/30,454,6,1,30,3,0,2321,828.7666013,1042.29
2006/3/31,455,7,1,31,3,0,885,344.7786666,1075.04
2006/4/1,456,1,0,1,4,0,1399,472.6471325,894.61
2006/4/2,457,2,0,2,4,0,2123,914.984689,853.32
2006/4/3,458,3,0,3,4,0,2163,930.3706991,1302.41
2006/4/4,459,4,0,4,4,0,1549,802.7642017,1312.98
2006/4/5,460,5,0,5,4,0,2316,1240.188839,875.61
2006/4/6,461,6,1,6,4,0,2817,1494.835069,1762.19
2006/4/7,462,7,1,7,4,0,1279,839.5081157,1822.35
2006/4/8,463,1,0,8,4,0,1771,1042.538027,860.78
2006/4/9,464,2,0,9,4,0,2480,1461.522862,892.49
2006/4/10,465,3,0,10,4,0,2650,1384.709814,1292.52
2006/4/11,466,4,0,11,4,0,1627,790.7287967,1318.69
2006/4/12,467,5,0,12,4,0,2320,1102.423439,931.49
2006/4/13,468,6,1,13,4,0,2802,1213.048445,1705.29
2006/4/14,469,7,1,14,4,0,1208,445.9408901,1956.80
2006/4/15,470,1,0,15,4,0,1787,612.4642832,884.22
2006/4/16,471,2,0,16,4,0,2576,763.9211214,887.85
2006/4/17,472,3,0,17,4,0,2671,941.8778788,1435.40
2006/4/18,473,4,0,18,4,0,1578,618.9645731,1315.35
2006/4/19,474,5,0,19,4,0,2356,1153.191114,853.56
2006/4/20,475,6,1,20,4,0,2856,1394.930107,1768.15
2006/4/21,476,7,1,21,4,0,1357,844.4698856,1946.96
2006/4/22,477,1,0,22,4,0,1685,888.5889976,914.53
2006/4/23,478,2,0,23,4,0,2555,1401.32322,883.11
2006/4/24,479,3,0,24,4,0,2641,1474.532489,1391.36
2006/4/25,480,4,0,25,4,0,1580,1004.971289,1294.50
2006/4/26,481,5,0,26,4,0,2388,1214.154548,842.19
2006/4/27,482,6,1,27,4,0,2776,1310.650133,1665.67
2006/4/28,483,7,1,28,4,0,1227,554.3499399,1937.57
2006/4/29,484,1,0,29,4,0,1824,768.84274,897.18
2006/4/30,485,2,0,30,4,0,2565,860.8392838,866.96
2006/5/1,486,3,0,1,5,0,2713,944.4842351,689.42
2006/5/2,487,4,0,2,5,0,1599,720.0851007,638.32
2006/5/3,488,5,0,3,5,0,2338,1017.719327,478.00
2006/5/4,489,6,1,4,5,0,2811,1365.573873,807.37
2006/5/5,490,7,1,5,5,0,1314,741.1825072,788.80
2006/5/6,491,1,0,6,5,0,1746,1007.209327,508.55
2006/5/7,492,2,0,7,5,0,2515,1442.183855,447.49
2006/5/8,493,3,0,8,5,0,2677,1533.265892,589.15
2006/5/9,494,4,0,9,5,0,1612,892.105214,642.30
2006/5/10,495,5,0,10,5,0,2308,1179.119993,553.56
2006/5/11,496,6,1,11,5,0,2814,1415.506415,812.42
2006/5/12,497,7,1,12,5,0,1245,540.9935678,746.77
2006/5/13,498,1,0,13,5,0,1763,706.5859148,455.07
2006/5/14,499,2,0,14,5,0,2514,959.9649291,457.44
2006/5/15,500,3,0,15,5,0,2721,847.656406,701.65
2006/5/16,501,4,0,16,5,0,1635,531.3694008,684.70
2006/5/17,502,5,0,17,5,0,2380,888.7134509,563.31
2006/5/18,503,6,1,18,5,0,2903,1170.578006,724.06
2006/5/19,504,7,1,19,5,0,1325,637.1856759,839.13
2006/5/20,505,1,0,20,5,0,1770,936.1473598,510.76
2006/5/21,506,2,0,21,5,0,2572,1330.501341,458.13
2006/5/22,507,3,0,22,5,0,2716,1543.857925,630.65
2006/5/23,508,4,0,23,5,0,1611,895.6696002,633.88
2006/5/24,509,5,0,24,5,0,2352,1320.632176,509.81
2006/5/25,510,6,1,25,5,0,2877,1510.868753,712.20
2006/5/26,511,7,1,26,5,0,1277,720.1866917,856.41
2006/5/27,512,1,0,27,5,0,1771,812.3400663,582.23
2006/5/28,513,2,0,28,5,0,2603,1195.266609,542.91
2006/5/29,514,3,0,29,5,0,2688,1061.161006,648.78
2006/5/30,515,4,0,30,5,0,1588,517.3716873,613.26
2006/5/31,516,5,0,31,5,0,2409,667.4265423,516.85
2006/6/1,517,6,1,1,6,0,2818,884.0477598,1501.97
2006/6/2,518,7,1,2,6,0,1290,559.4618929,1673.87
2006/6/3,519,1,0,3,6,0,1839,752.2492671,743.01
2006/6/4,520,2,0,4,6,0,2143,1013.583876,779.45
2006/6/5,521,3,0,5,6,0,2206,1085.865836,1248.52
2006/6/6,522,4,0,6,6,0,1297,810.7391025,1165.80
2006/6/7,523,5,0,7,6,0,1910,1020.424503,757.49
2006/6/8,524,6,1,8,6,0,2306,1274.035273,1438.79
2006/6/9,525,7,1,9,6,0,977,524.5438579,1626.44
2006/6/10,526,1,0,10,6,0,1421,759.8528346,756.93
2006/6/11,527,2,0,11,6,0,2051,989.4024949,832.74
2006/6/12,528,3,0,12,6,0,2244,1049.958182,1118.85
2006/6/13,529,4,0,13,6,0,1282,493.1957035,1201.27
2006/6/14,530,5,0,14,6,0,1919,730.3881509,849.07
2006/6/15,531,6,1,15,6,0,2305,755.4435365,1458.44
2006/6/16,532,7,1,16,6,0,925,304.9214517,1546.80
2006/6/17,533,1,0,17,6,0,1415,515.4605737,757.31
2006/6/18,534,2,0,18,6,0,2055,773.1452699,771.32
2006/6/19,535,3,0,19,6,0,2260,937.5836301,1140.92
2006/6/20,536,4,0,20,6,0,1287,730.5978584,1176.57
2006/6/21,537,5,0,21,6,0,1943,1035.16644,823.52
2006/6/22,538,6,1,22,6,0,2336,1243.788897,1554.68
2006/6/23,539,7,1,23,6,0,992,668.8440787,1655.90
2006/6/24,540,1,0,24,6,0,1310,797.5393802,822.27
2006/6/25,541,2,0,25,6,0,2123,1138.698325,810.79
2006/6/26,542,3,0,26,6,0,2233,1145.676999,1143.53
2006/6/27,543,4,0,27,6,0,1291,674.1992922,1215.35
2006/6/28,544,5,0,28,6,0,1924,845.9657545,833.98
2006/6/29,545,6,1,29,6,0,2299,897.1986273,1505.74
2006/6/30,546,7,1,30,6,0,1060,368.6817273,1561.06
2006/7/1,547,1,0,1,7,0,1401,491.5672238,729.39
2006/7/2,548,2,0,2,7,0,2097,770.0884255,823.51
2006/7/3,549,3,0,3,7,0,2191,968.7075882,1294.68
2006/7/4,550,4,0,4,7,0,1561,815.0054433,1236.09
2006/7/5,551,5,0,5,7,0,2353,1115.387107,843.84
2006/7/6,552,6,1,6,7,0,2795,1543.285452,1528.84
2006/7/7,553,7,1,7,7,0,1291,765.9104408,1697.40
2006/7/8,554,1,0,8,7,0,1772,901.6627694,802.04
2006/7/9,555,2,0,9,7,0,2479,1231.634273,855.94
2006/7/10,556,3,0,10,7,0,2640,1433.10485,1229.64
2006/7/11,557,4,0,11,7,0,1612,792.7520578,1213.64
2006/7/12,558,5,0,12,7,0,2327,1005.301151,826.90
2006/7/13,559,6,1,13,7,0,2777,1118.955554,1649.81
2006/7/14,560,7,1,14,7,0,1305,530.2529377,1690.39
2006/7/15,561,1,0,15,7,0,1802,567.8888571,866.19
2006/7/16,562,2,0,16,7,0,2521,707.993159,832.47
2006/7/17,563,3,0,17,7,0,2655,824.2839558,1199.36
2006/7/18,564,4,0,18,7,0,1604,621.812724,1236.44
2006/7/19,565,5,0,19,7,0,2338,1036.410147,892.99
2006/7/20,566,6,1,20,7,0,2738,1289.381838,1554.92
2006/7/21,567,7,1,21,7,0,1241,696.9698164,1738.78
2006/7/22,568,1,0,22,7,0,1705,876.6484102,871.08
2006/7/23,569,2,0,23,7,0,2454,1223.505026,860.46
2006/7/24,570,3,0,24,7,0,2627,1392.03758,1272.12
2006/7/25,571,4,0,25,7,0,1540,827.6047155,1212.31
2006/7/26,572,5,0,26,7,0,2315,1248.999503,877.89
2006/7/27,573,6,1,27,7,0,2790,1294.105683,1527.97
2006/7/28,574,7,1,28,7,0,1310,655.5275021,1715.22
2006/7/29,575,1,0,29,7,0,1681,666.6461942,869.08
2006/7/30,576,2,0,30,7,0,2501,792.6050026,887.99
2006/7/31,577,3,0,31,7,0,2701,743.5728874,1243.33
2006/8/1,578,4,0,1,8,0,1605,544.2854735,497.85
2006/8/2,579,5,0,2,8,0,2315,856.3408463,492.06
2006/8/3,580,6,1,3,8,0,2892,1138.591825,604.61
2006/8/4,581,7,1,4,8,0,1331,638.4739946,588.30
2006/8/5,582,1,0,5,8,0,1778,857.8598324,476.39
2006/8/6,583,2,0,6,8,0,2547,1231.310881,452.54
2006/8/7,584,3,0,7,8,0,2700,1488.832527,604.11
2006/8/8,585,4,0,8,8,0,1644,962.8473299,551.00
2006/8/9,586,5,0,9,8,0,2398,1349.602962,462.49
2006/8/10,587,6,1,10,8,0,2901,1433.434078,700.44
2006/8/11,588,7,1,11,8,0,1302,610.0379456,665.76
2006/8/12,589,1,0,12,8,0,1758,727.1890207,406.03
2006/8/13,590,2,0,13,8,0,2624,1005.789068,402.99
2006/8/14,591,3,0,14,8,0,2787,909.9351271,544.89
2006/8/15,592,4,0,15,8,0,1635,444.1571144,542.12
2006/8/16,593,5,0,16,8,0,2384,649.3883007,528.97
2006/8/17,594,6,1,17,8,0,2922,942.241072,602.06
2006/8/18,595,7,1,18,8,0,1286,467.1436522,678.99
2006/8/19,596,1,0,19,8,0,1828,760.1090479,449.54
2006/8/20,597,2,0,20,8,0,2595,1252.246755,402.52
2006/8/21,598,3,0,21,8,0,2705,1342.152655,598.75
2006/8/22,599,4,0,22,8,0,1601,888.7649176,574.49
2006/8/23,600,5,0,23,8,0,2437,1275.219703,487.99
2006/8/24,601,6,1,24,8,0,2848,1389.305369,563.10
2006/8/25,602,7,1,25,8,0,1355,664.6889421,615.10
2006/8/26,603,1,0,26,8,0,1791,949.8693883,432.37
2006/8/27,604,2,0,27,8,0,2607,1138.001132,483.10
2006/8/28,605,3,0,28,8,0,2779,1247.533224,562.28
2006/8/29,606,4,0,29,8,0,1556,635.4734593,612.23
2006/8/30,607,5,0,30,8,0,2372,794.1974459,517.68
2006/8/31,608,6,1,31,8,0,2822,789.4444258,638.53
2006/9/1,609,7,1,1,9,0,1292,435.1595091,2026.82
2006/9/2,610,1,0,2,9,0,1854,668.5890866,892.45
2006/9/3,611,2,0,3,9,0,2104,801.6309741,849.79
2006/9/4,612,3,0,4,9,0,2324,1096.200277,1494.43
2006/9/5,613,4,0,5,9,0,1305,687.5667162,1361.38
2006/9/6,614,5,0,6,9,0,1999,1061.726379,929.96
2006/9/7,615,6,1,7,9,0,2453,1250.03379,1839.37
2006/9/8,616,7,1,8,9,0,1024,534.0043595,1917.61
2006/9/9,617,1,0,9,9,0,1385,721.7156596,860.59
2006/9/10,618,2,0,10,9,0,2149,1073.739638,877.60
2006/9/11,619,3,0,11,9,0,2249,1062.883461,1353.06
2006/9/12,620,4,0,12,9,0,1344,542.7247018,1334.35
2006/9/13,621,5,0,13,9,0,1972,805.6509817,949.08
2006/9/14,622,6,1,14,9,0,1219,881.683503,1806.89
2006/9/15,623,7,1,15,9,0,463,229.3228001,2012.89
2006/9/16,624,1,0,16,9,0,756,425.0362996,899.41
2006/9/17,625,2,0,17,9,0,1095,751.2084423,879.25
2006/9/18,626,3,0,18,9,0,1173,902.441097,1363.10
2006/9/19,627,4,0,19,9,0,655,563.5060521,1420.63
2006/9/20,628,5,0,20,9,0,1001,941.8877083,894.88
2006/9/21,629,6,1,21,9,0,1188,1055.892649,1741.79
2006/9/22,630,7,1,22,9,0,506,503.8781368,1947.86
2006/9/23,631,1,0,23,9,0,765,851.4716845,891.65
2006/9/24,632,2,0,24,9,0,1058,1090.599933,950.91
2006/9/25,633,3,0,25,9,0,1129,1168.448669,1476.57
2006/9/26,634,4,0,26,9,0,662,654.7438647,1330.88
2006/9/27,635,5,0,27,9,0,999,992.2850453,889.55
2006/9/28,636,6,1,28,9,0,1211,962.8470342,1854.43
2006/9/29,637,7,1,29,9,0,488,430.4954714,1978.83
2006/9/30,638,1,0,30,9,0,689,419.6668653,952.61
2006/10/1,639,2,0,1,10,0,1105,694.3515278,725.26
2006/10/2,640,3,0,2,10,0,1159,857.9084346,888.60
2006/10/3,641,4,0,3,10,0,693,508.4214187,866.21
2006/10/4,642,5,0,4,10,0,1218,983.061522,696.50
2006/10/5,643,6,1,5,10,0,1487,1409.634107,1130.57
2006/10/6,644,7,1,6,10,0,661,646.3078723,1213.92
2006/10/7,645,1,0,7,10,0,924,970.3848241,641.31
2006/10/8,646,2,0,8,10,0,1293,1308.528012,718.86
2006/10/9,647,3,0,9,10,0,1396,1497.324098,1030.99
2006/10/10,648,4,0,10,10,0,831,902.4882976,1010.67
2006/10/11,649,5,0,11,10,0,1220,1031.460746,665.34
2006/10/12,650,6,1,12,10,0,1500,1219.583319,1137.62
2006/10/13,651,7,1,13,10,0,672,476.6684615,1257.35
2006/10/14,652,1,0,14,10,0,898,610.2315386,708.69
2006/10/15,653,2,0,15,10,0,1307,731.1036986,700.39
2006/10/16,654,3,0,16,10,0,1388,689.8462714,966.88
2006/10/17,655,4,0,17,10,0,841,576.7349073,984.54
2006/10/18,656,5,0,18,10,0,1225,832.9066257,721.17
2006/10/19,657,6,1,19,10,0,1487,1141.722387,1164.53
2006/10/20,658,7,1,20,10,0,658,551.5240033,1215.08
2006/10/21,659,1,0,21,10,0,896,792.172245,618.57
2006/10/22,660,2,0,22,10,0,1304,1243.005719,662.66
2006/10/23,661,3,0,23,10,0,1426,1387.312078,970.96
2006/10/24,662,4,0,24,10,0,823,909.0351306,921.40
2006/10/25,663,5,0,25,10,0,1238,1214.944537,711.23
2006/10/26,664,6,1,26,10,0,1495,1377.484674,1225.16
2006/10/27,665,7,1,27,10,0,685,537.9266401,1314.77
2006/10/28,666,1,0,28,10,0,887,750.9345881,677.85
2006/10/29,667,2,0,29,10,0,1326,981.1230585,742.30
2006/10/30,668,3,0,30,10,0,1429,866.9609185,1026.70
2006/10/31,669,4,0,31,10,0,832,385.8833539,941.97
2006/11/1,670,5,0,1,11,0,1255,757.1533642,772.59
2006/11/2,671,6,1,2,11,0,1462,980.422983,1242.27
2006/11/3,672,7,1,3,11,0,656,457.1506723,1405.15
2006/11/4,673,1,0,4,11,0,912,706.316985,705.54
2006/11/5,674,2,0,5,11,0,1338,1293.935089,707.75
2006/11/6,675,3,0,6,11,0,1409,1392.380676,1061.19
2006/11/7,676,4,0,7,11,0,810,818.6965044,1060.57
2006/11/8,677,5,0,8,11,0,1250,1323.358252,638.38
2006/11/9,678,6,1,9,11,0,1499,1439.538322,1201.72
2006/11/10,679,7,1,10,11,0,645,549.318889,1345.22
2006/11/11,680,1,0,11,11,0,918,843.7927275,670.99
2006/11/12,681,2,0,12,11,0,1309,1001.988062,767.04
2006/11/13,682,3,0,13,11,0,1416,1103.957951,996.05
2006/11/14,683,4,0,14,11,0,853,500.8699606,997.57
2006/11/15,684,5,0,15,11,0,1212,703.1533238,765.59
2006/11/16,685,6,1,16,11,0,1515,745.8014472,1214.04
2006/11/17,686,7,1,17,11,0,724,390.9740807,1440.81
2006/11/18,687,1,0,18,11,0,944,687.1144504,741.69
2006/11/19,688,2,0,19,11,0,1345,1080.934156,649.57
2006/11/20,689,3,0,20,11,0,1451,1272.325718,970.37
2006/11/21,690,4,0,21,11,0,813,685.4025275,1005.31
2006/11/22,691,5,0,22,11,0,1213,1158.317887,710.23
2006/11/23,692,6,1,23,11,0,1466,1476.073095,1284.87
2006/11/24,693,7,1,24,11,0,711,779.3740407,1327.89
2006/11/25,694,1,0,25,11,0,935,829.3178343,621.47
2006/11/26,695,2,0,26,11,0,1368,1320.8881,741.50
2006/11/27,696,3,0,27,11,0,1423,1293.442523,1081.55
2006/11/28,697,4,0,28,11,0,852,756.0847847,1081.73
2006/11/29,698,5,0,29,11,0,1271,958.470809,761.12
2006/11/30,699,6,1,30,11,0,1481,950.9162136,1264.77
2006/12/1,700,7,1,1,12,0,1363,434.7757098,2037.51
2006/12/2,701,1,0,2,12,0,1970,604.9558939,887.19
2006/12/3,702,2,0,3,12,0,2687,1061.847844,866.16
2006/12/4,703,3,0,4,12,0,2367,1039.26482,1491.68
2006/12/5,704,4,0,5,12,0,1413,655.5094061,1433.43
2006/12/6,705,5,0,6,12,0,1998,959.3360753,868.28
2006/12/7,706,6,1,7,12,0,2437,1172.291965,1857.68
2006/12/8,707,7,1,8,12,0,967,435.9662777,1997.96
2006/12/9,708,1,0,9,12,0,1397,777.6704274,848.46
2006/12/10,709,2,0,10,12,0,2190,985.4953873,884.44
2006/12/11,710,3,0,11,12,0,2359,995.1743271,1510.69
2006/12/12,711,4,0,12,12,0,1328,594.4094165,1423.01
2006/12/13,712,5,0,13,12,0,2003,674.041118,964.66
2006/12/14,713,6,1,14,12,0,2444,734.1880001,1825.51
2006/12/15,714,7,1,15,12,0,1023,211.8478164,1980.44
2006/12/16,715,1,0,16,12,0,1404,357.4048293,970.31
2006/12/17,716,2,0,17,12,0,2159,677.4755405,944.70
2006/12/18,717,3,0,18,12,0,2363,742.7046894,1513.08
2006/12/19,718,4,0,19,12,0,1388,493.8958206,1367.36
2006/12/20,719,5,0,20,12,0,2041,912.1487664,945.64
2006/12/21,720,6,1,21,12,0,2494,1174.997876,1799.14
2006/12/22,721,7,1,22,12,0,1113,628.3194567,2080.15
2006/12/23,722,1,0,23,12,0,1465,652.5467101,827.51
2006/12/24,723,2,0,24,12,0,2216,1022.819336,936.37
2006/12/25,724,3,0,25,12,0,2305,1153.265548,1523.66
2006/12/26,725,4,0,26,12,0,1398,664.2349988,1385.08
2006/12/27,726,5,0,27,12,0,1983,835.278452,965.84
2006/12/28,727,6,1,28,12,0,2498,974.1251308,1902.50
2006/12/29,728,7,1,29,12,0,1077,397.4370317,2084.16
2006/12/30,729,1,0,30,12,1,2975,845.2862641,900.55
2006/12/31,730,2,0,31,12,1,3550,923.2005831,896.16
2007/1/1,731,3,0,1,1,0,2802.758102,723.0217272,1485.83
2007/1/2,732,4,0,2,1,0,1637.597037,460.8828517,1425.45
2007/1/3,733,5,0,3,1,0,2369.860889,887.2401812,919.09
2007/1/4,734,6,1,4,1,0,2877.669177,1216.694408,1794.49
2007/1/5,735,7,1,5,1,0,1292.078412,562.7366973,1933.54
2007/1/6,736,1,0,6,1,0,1776.562315,834.6385572,924.64
2007/1/7,737,2,0,7,1,0,2588.952649,1193.457263,927.31
2007/1/8,738,3,0,8,1,0,2749.486191,1261.361787,1463.58
2007/1/9,739,4,0,9,1,0,1680.84516,867.7765225,1350.80
2007/1/10,740,5,0,10,1,0,2426.281023,1174.633604,971.64
2007/1/11,741,6,1,11,1,0,2881.52063,1334.183934,1852.26
2007/1/12,742,7,1,12,1,0,1382.984849,559.941988,2056.35
2007/1/13,743,1,0,13,1,0,1879.80283,631.4211669,825.62
2007/1/14,744,2,0,14,1,0,2669.591523,819.9127911,913.46
2007/1/15,745,3,0,15,1,0,2803.068233,783.0000912,1466.41
2007/1/16,746,4,0,16,1,0,1620.733037,418.2525806,1423.80
2007/1/17,747,5,0,17,1,0,2415.059815,658.364235,840.49
2007/1/18,748,6,1,18,1,0,2952.035071,983.3382075,1872.75
2007/1/19,749,7,1,19,1,0,1344.579253,495.2115964,1933.62
2007/1/20,750,1,0,20,1,0,1860.470105,846.2366106,918.72
2007/1/21,751,2,0,21,1,0,2581.351641,1228.709209,992.03
2007/1/22,752,3,0,22,1,0,2785.338441,1254.789967,1435.59
2007/1/23,753,4,0,23,1,0,1698.655846,903.17879,1362.70
2007/1/24,754,5,0,24,1,0,2438.363161,1195.770905,898.40
2007/1/25,755,6,1,25,1,0,2899.969241,1300.427382,1768.71
2007/1/26,756,7,1,26,1,0,1254.198942,509.1523114,2024.96
2007/1/27,757,1,0,27,1,0,1846.664266,724.016899,899.61
2007/1/28,758,2,0,28,1,0,2591.838927,943.6223219,925.11
2007/1/29,759,3,0,29,1,0,2766.344347,982.9570428,1455.92
2007/1/30,760,4,0,30,1,0,1671.783147,500.9992407,1345.05
2007/1/31,761,5,0,31,1,0,2537.890207,650.4234321,965.98
2007/2/1,762,6,1,1,2,0,2952.939439,754.4570333,1359.71
2007/2/2,763,7,1,2,2,0,1355.396513,388.6376802,1607.76
2007/2/3,764,1,0,3,2,0,1808.668995,682.3858851,807.67
2007/2/4,765,2,0,4,2,0,2681.269716,1023.050308,743.01
2007/2/5,766,3,0,5,2,0,2816.466443,1241.292576,1141.74
2007/2/6,767,4,0,6,2,0,1688.454058,798.4107941,1056.03
2007/2/7,768,5,0,7,2,0,2512.427522,1256.087833,827.47
2007/2/8,769,6,1,8,2,0,2949.734816,1304.497285,1413.94
2007/2/9,770,7,1,9,2,0,1307.966771,603.7026666,1588.72
2007/2/10,771,1,0,10,2,0,1866.677922,807.9949563,684.58
2007/2/11,772,2,0,11,2,0,2693.150397,1110.780276,813.12
2007/2/12,773,3,0,12,2,0,2809.421066,1033.011084,1083.08
2007/2/13,774,4,0,13,2,0,1649.47797,491.9806701,1083.54
2007/2/14,775,5,0,14,2,0,2541.993719,765.9914744,795.95
2007/2/15,776,6,1,15,2,0,3008.84167,806.042816,1490.03
2007/2/16,777,7,1,16,2,0,1318.307011,305.7156126,1495.79
2007/2/17,778,1,0,17,2,0,1839.917021,540.6923227,754.83
2007/2/18,779,2,0,18,2,0,2745.850423,932.4374199,734.68
2007/2/19,780,3,0,19,2,0,2855.137393,1028.911836,1201.38
2007/2/20,781,4,0,20,2,0,1694.37326,702.4952414,1113.91
2007/2/21,782,5,0,21,2,0,2473.21585,1078.748903,694.25
2007/2/22,783,6,1,22,2,0,2960.075682,1400.177374,1482.65
2007/2/23,784,7,1,23,2,0,1351.175253,616.6399135,1601.79
2007/2/24,785,1,0,24,2,0,1851.118865,861.7784555,715.10
2007/2/25,786,2,0,25,2,0,2720.617072,1263.33448,732.76
2007/2/26,787,3,0,26,2,0,2856.531668,1341.60059,1187.56
2007/2/27,788,4,0,27,2,0,1624.001028,686.8895259,1071.46
2007/2/28,789,5,0,28,2,0,2451.090261,852.9237565,689.83
2007/3/1,790,6,1,1,3,0,2992.926168,768.4938722,1030.40
2007/3/2,791,7,1,2,3,0,1292.371499,361.4906224,1151.77
2007/3/3,792,1,0,3,3,0,1478.074657,465.3342107,624.86
2007/3/4,793,2,0,4,3,0,2294.496579,941.6467804,565.74
2007/3/5,794,3,0,5,3,0,2458.825241,965.607699,884.10
2007/3/6,795,4,0,6,3,0,1466.534331,694.2285887,812.72
2007/3/7,796,5,0,7,3,0,2118.226365,876.5686353,609.60
2007/3/8,797,6,1,8,3,0,2510.655211,1108.120426,1134.53
2007/3/9,798,7,1,9,3,0,1175.831509,598.8838902,1227.03
2007/3/10,799,1,0,10,3,0,1616.812603,764.5623286,568.65
2007/3/11,800,2,0,11,3,0,2298.801341,978.8334527,656.34
2007/3/12,801,3,0,12,3,0,2357.013275,822.7898036,939.10
2007/3/13,802,4,0,13,3,0,1386.228631,442.07389,807.82
2007/3/14,803,5,0,14,3,0,2040.858087,539.239663,660.62
2007/3/15,804,6,1,15,3,0,2547.064555,602.091599,1110.28
2007/3/16,805,7,1,16,3,0,1110.848758,247.4273727,1154.35
2007/3/17,806,1,0,17,3,0,1493.73462,385.1828394,685.76
2007/3/18,807,2,0,18,3,0,2291.562692,794.8587991,633.91
2007/3/19,808,3,0,19,3,0,2360.696119,897.2785732,835.36
2007/3/20,809,4,0,20,3,0,1403.376433,507.0612681,837.60
2007/3/21,810,5,0,21,3,0,2099.741654,892.0787745,613.37
2007/3/22,811,6,1,22,3,0,2538.873497,1190.516204,1102.86
2007/3/23,812,7,1,23,3,0,1067.933078,408.6563883,1092.72
2007/3/24,813,1,0,24,3,0,1469.685413,641.9825067,571.68
2007/3/25,814,2,0,25,3,0,2284.306298,1010.373385,579.84
2007/3/26,815,3,0,26,3,0,2450.161569,1056.964987,913.34
2007/3/27,816,4,0,27,3,0,1466.474686,551.021566,843.91
2007/3/28,817,5,0,28,3,0,2155.121193,705.0105024,703.39
2007/3/29,818,6,1,29,3,0,2499.236815,851.601279,1151.90
2007/3/30,819,7,1,30,3,0,1163.077574,222.0681618,1214.16
2007/3/31,820,1,0,31,3,0,1459.916638,289.5144585,693.90
2007/4/1,821,2,0,1,4,0,2296.379668,617.4810269,971.12
2007/4/2,822,3,0,2,4,0,2357.1926,657.9342998,1588.31
2007/4/3,823,4,0,3,4,0,1676.503375,531.3184703,1579.66
2007/4/4,824,5,0,4,4,0,2600.742545,1080.929829,924.45
2007/4/5,825,6,1,5,4,0,3100.60342,1367.787589,2014.06
2007/4/6,826,7,1,6,4,0,1359.609622,512.053103,2100.66
2007/4/7,827,1,0,7,4,0,1982.910527,799.3343928,867.41
2007/4/8,828,2,0,8,4,0,2728.326541,1195.721304,1010.65
2007/4/9,829,3,0,9,4,0,2903.700279,1386.863768,1596.24
2007/4/10,830,4,0,10,4,0,1689.162186,788.430117,1469.76
2007/4/11,831,5,0,11,4,0,2528.390312,1063.336474,939.37
2007/4/12,832,6,1,12,4,0,3067.523984,1142.99498,1977.27
2007/4/13,833,7,1,13,4,0,1334.619948,369.3895616,2188.15
2007/4/14,834,1,0,14,4,0,1925.784117,508.4119412,994.93
2007/4/15,835,2,0,15,4,0,2727.557285,694.5930468,958.21
2007/4/16,836,3,0,16,4,0,2890.995255,624.7520567,1540.76
2007/4/17,837,4,0,17,4,0,1698.209364,436.6800977,1481.59
2007/4/18,838,5,0,18,4,0,2597.723275,758.4792713,976.77
2007/4/19,839,6,1,19,4,0,3063.471393,1109.600591,1980.08
2007/4/20,840,7,1,20,4,0,1382.963874,508.4287087,2106.84
2007/4/21,841,1,0,21,4,0,1974.289736,810.4446625,969.98
2007/4/22,842,2,0,22,4,0,2792.287339,1191.917918,1008.82
2007/4/23,843,3,0,23,4,0,2921.936177,1386.96004,1545.80
2007/4/24,844,4,0,24,4,0,1729.114882,691.1654739,1474.78
2007/4/25,845,5,0,25,4,0,2587.102712,1236.295474,1020.24
2007/4/26,846,6,1,26,4,0,3101.888638,1297.047812,1937.12
2007/4/27,847,7,1,27,4,0,1397.141775,534.9747727,2227.27
2007/4/28,848,1,0,28,4,0,1832.241607,691.9035222,907.16
2007/4/29,849,2,0,29,4,0,2792.79194,936.1818814,1052.95
2007/4/30,850,3,0,30,4,0,2927.434575,740.295918,1532.36
2007/5/1,851,4,0,1,5,0,1698.135059,353.2673884,718.81
2007/5/2,852,5,0,2,5,0,2549.730123,756.2316713,572.96
2007/5/3,853,6,1,3,5,0,3042.092759,1087.822237,879.43
2007/5/4,854,7,1,4,5,0,1367.395022,409.0324223,823.30
2007/5/5,855,1,0,5,5,0,1921.683231,769.9206024,503.62
2007/5/6,856,2,0,6,5,0,2795.581914,1227.096695,565.39
2007/5/7,857,3,0,7,5,0,2966.458467,1396.759783,730.36
2007/5/8,858,4,0,8,5,0,1685.206531,713.852673,753.25
2007/5/9,859,5,0,9,5,0,2616.98378,1178.314356,502.53
2007/5/10,860,6,1,10,5,0,3104.887842,1341.55982,761.22
2007/5/11,861,7,1,11,5,0,1450.558554,489.3885196,906.98
2007/5/12,862,1,0,12,5,0,1925.760122,680.5688878,528.68
2007/5/13,863,2,0,13,5,0,2769.313892,852.0955655,550.07
2007/5/14,864,3,0,14,5,0,2942.799656,787.7847646,722.94
2007/5/15,865,4,0,15,5,0,1706.452438,341.4522502,678.57
2007/5/16,866,5,0,16,5,0,2541.818588,532.6111731,582.23
2007/5/17,867,6,1,17,5,0,3041.181829,803.7950582,770.63
2007/5/18,868,7,1,18,5,0,1405.729444,373.9261908,891.02
2007/5/19,869,1,0,19,5,0,1953.078977,623.4734592,493.84
2007/5/20,870,2,0,20,5,0,2771.004839,1034.183626,503.02
2007/5/21,871,3,0,21,5,0,3017.772083,1190.534956,715.65
2007/5/22,872,4,0,22,5,0,1737.489174,684.4262339,729.50
2007/5/23,873,5,0,23,5,0,2611.516605,1225.103353,518.72
2007/5/24,874,6,1,24,5,0,3139.448524,1437.095622,883.92
2007/5/25,875,7,1,25,5,0,1429.972774,633.7379663,854.18
2007/5/26,876,1,0,26,5,0,1977.775604,846.0414856,533.85
2007/5/27,877,2,0,27,5,0,2809.278901,1044.610972,522.74
2007/5/28,878,3,0,28,5,0,2973.377634,1019.543508,646.27
2007/5/29,879,4,0,29,5,0,1751.512223,510.5467894,737.41
2007/5/30,880,5,0,30,5,0,2628.899564,712.1371927,583.31
2007/5/31,881,6,1,31,5,0,3071.977589,711.5672312,816.59
2007/6/1,882,7,1,1,6,0,1384.743557,331.8609657,1792.45
2007/6/2,883,1,0,2,6,0,1979.540704,584.2613748,756.11
2007/6/3,884,2,0,3,6,0,2314.560176,698.6295506,908.57
2007/6/4,885,3,0,4,6,0,2437.910946,939.1613666,1393.44
2007/6/5,886,4,0,5,6,0,1405.357252,507.9233046,1345.04
2007/6/6,887,5,0,6,6,0,2096.601392,812.5936959,858.83
2007/6/7,888,6,1,7,6,0,2510.724507,1096.735747,1706.42
2007/6/8,889,7,1,8,6,0,1073.493098,476.3957817,1804.05
2007/6/9,890,1,0,9,6,0,1543.222738,706.3746765,849.41
2007/6/10,891,2,0,10,6,0,2323.101478,922.8318993,823.25
2007/6/11,892,3,0,11,6,0,2384.252215,945.0198066,1372.98
2007/6/12,893,4,0,12,6,0,1474.062818,542.728043,1341.65
2007/6/13,894,5,0,13,6,0,2125.699559,586.9932576,833.41
2007/6/14,895,6,1,14,6,0,2563.49336,709.9997337,1635.12
2007/6/15,896,7,1,15,6,0,1103.617591,145.1207227,1881.59
2007/6/16,897,1,0,16,6,0,1599.322243,259.5311282,804.54
2007/6/17,898,2,0,17,6,0,2247.252711,572.826945,885.88
2007/6/18,899,3,0,18,6,0,2443.035553,693.8767851,1257.59
2007/6/19,900,4,0,19,6,0,1490.294895,550.7610385,1309.79
2007/6/20,901,5,0,20,6,0,2072.860735,719.0904725,794.97
2007/6/21,902,6,1,21,6,0,2572.306248,980.3588666,1743.36
2007/6/22,903,7,1,22,6,0,1194.924304,512.4794895,1876.63
2007/6/23,904,1,0,23,6,0,1523.393969,555.7609797,770.67
2007/6/24,905,2,0,24,6,0,2239.816968,1013.892596,830.52
2007/6/25,906,3,0,25,6,0,2456.624521,1011.040261,1395.21
2007/6/26,907,4,0,26,6,0,1457.562651,580.6319162,1351.56
2007/6/27,908,5,0,27,6,0,2136.293402,785.8516918,921.17
2007/6/28,909,6,1,28,6,0,2510.068152,838.5939766,1639.72
2007/6/29,910,7,1,29,6,0,998.7393141,313.1918265,1782.23
2007/6/30,911,1,0,30,6,0,1568.596172,384.703816,884.75
2007/7/1,912,2,0,1,7,0,2331.656073,572.3569032,876.88
2007/7/2,913,3,0,2,7,0,2367.253431,603.7964815,1371.02
2007/7/3,914,4,0,3,7,0,1745.219538,485.2034403,1363.43
2007/7/4,915,5,0,4,7,0,2530.548348,836.6591209,826.40
2007/7/5,916,6,1,5,7,0,2981.827101,1133.194747,1774.98
2007/7/6,917,7,1,6,7,0,1355.808569,528.8035693,1935.07
2007/7/7,918,1,0,7,7,0,1819.387445,761.1008809,809.17
2007/7/8,919,2,0,8,7,0,2684.929872,1237.559763,971.42
2007/7/9,920,3,0,9,7,0,2840.780698,1300.357218,1413.69
2007/7/10,921,4,0,10,7,0,1642.715788,626.9250378,1359.33
2007/7/11,922,5,0,11,7,0,2447.269097,915.9950302,868.96
2007/7/12,923,6,1,12,7,0,2980.047977,1064.227923,1786.20
2007/7/13,924,7,1,13,7,0,1300.941625,353.3584165,1990.62
2007/7/14,925,1,0,14,7,0,1873.633938,430.2682392,833.34
2007/7/15,926,2,0,15,7,0,2692.66398,615.3413087,955.78
2007/7/16,927,3,0,16,7,0,2933.452655,581.23581,1353.05
2007/7/17,928,4,0,17,7,0,1635.839926,369.2049487,1452.69
2007/7/18,929,5,0,18,7,0,2484.251005,669.8438539,879.73
2007/7/19,930,6,1,19,7,0,3028.657092,954.8694296,1865.56
2007/7/20,931,7,1,20,7,0,1356.439862,497.6613008,1914.19
2007/7/21,932,1,0,21,7,0,1859.859301,754.1713943,937.17
2007/7/22,933,2,0,22,7,0,2754.518442,1163.889891,924.11
2007/7/23,934,3,0,23,7,0,2859.051063,1179.502342,1474.82
2007/7/24,935,4,0,24,7,0,1675.690657,745.1549852,1395.77
2007/7/25,936,5,0,25,7,0,2548.373619,1054.721319,906.86
2007/7/26,937,6,1,26,7,0,2974.007742,1196.889839,1869.53
2007/7/27,938,7,1,27,7,0,1323.113191,444.5126876,1956.00
2007/7/28,939,1,0,28,7,0,1872.335346,528.2728271,853.68
2007/7/29,940,2,0,29,7,0,2702.017085,793.3473927,950.94
2007/7/30,941,3,0,30,7,0,2839.893132,666.8071649,1428.26
2007/7/31,942,4,0,31,7,0,1708.235104,322.4914865,1357.44
2007/8/1,943,5,0,1,8,0,2450.063362,575.8979257,430.44
2007/8/2,944,6,1,2,8,0,3049.919231,815.6641394,623.66
2007/8/3,945,7,1,3,8,0,1463.53764,484.536446,647.92
2007/8/4,946,1,0,4,8,0,1913.244234,643.9812509,408.66
2007/8/5,947,2,0,5,8,0,2757.8631,1111.394768,475.37
2007/8/6,948,3,0,6,8,0,2899.406306,1152.86662,563.87
2007/8/7,949,4,0,7,8,0,1762.40647,725.9236073,520.49
2007/8/8,950,5,0,8,8,0,2605.221481,1011.677045,402.08
2007/8/9,951,6,1,9,8,0,3034.62763,1172.945993,633.67
2007/8/10,952,7,1,10,8,0,1368.96528,515.7105302,634.57
2007/8/11,953,1,0,11,8,0,1995.297735,790.6896629,402.50
2007/8/12,954,2,0,12,8,0,2812.57075,1032.611362,507.83
2007/8/13,955,3,0,13,8,0,2909.854676,871.4483936,583.12
2007/8/14,956,4,0,14,8,0,1668.009295,370.3343031,513.89
2007/8/15,957,5,0,15,8,0,2533.909755,473.4170413,478.72
2007/8/16,958,6,1,16,8,0,3084.719803,617.0719949,675.47
2007/8/17,959,7,1,17,8,0,1380.86945,279.022169,730.05
2007/8/18,960,1,0,18,8,0,1931.281597,529.0486161,472.93
2007/8/19,961,2,0,19,8,0,2825.404329,877.5487571,536.85
2007/8/20,962,3,0,20,8,0,2958.608861,1137.001419,512.96
2007/8/21,963,4,0,21,8,0,1715.46581,647.4968768,602.33
2007/8/22,964,5,0,22,8,0,2604.520598,1150.157897,504.20
2007/8/23,965,6,1,23,8,0,3143.563225,1222.018409,670.45
2007/8/24,966,7,1,24,8,0,1328.305748,544.6603765,670.30
2007/8/25,967,1,0,25,8,0,1940.515829,797.8820307,432.92
2007/8/26,968,2,0,26,8,0,2767.799591,1064.390917,548.33
2007/8/27,969,3,0,27,8,0,2938.225883,985.1374294,560.30
2007/8/28,970,4,0,28,8,0,1690.063773,461.7752879,601.08
2007/8/29,971,5,0,29,8,0,2520.685133,694.526864,450.85
2007/8/30,972,6,1,30,8,0,3038.016457,777.4057052,646.42
2007/8/31,973,7,1,31,8,0,1326.672148,212.4161263,768.39
2007/9/1,974,1,0,1,9,0,1865.736913,410.5429719,922.03
2007/9/2,975,2,0,2,9,0,2324.052379,626.4417112,980.17
2007/9/3,976,3,0,3,9,0,2479.107138,771.8858431,1548.10
2007/9/4,977,4,0,4,9,0,1523.361855,405.5487593,1553.81
2007/9/5,978,5,0,5,9,0,2121.134535,860.1004344,997.26
2007/9/6,979,6,1,6,9,0,2622.234443,1059.992675,1978.53
2007/9/7,980,7,1,7,9,0,1138.70414,473.3163725,2309.90
2007/9/8,981,1,0,8,9,0,1535.996917,615.5638877,970.15
2007/9/9,982,2,0,9,9,0,2262.077327,979.8154151,1061.35
2007/9/10,983,3,0,10,9,0,2416.046341,930.297435,1651.28
2007/9/11,984,4,0,11,9,0,1436.982548,416.8795439,1531.96
2007/9/12,985,5,0,12,9,0,2197.722803,788.2916007,1013.95
2007/9/13,986,6,1,13,9,0,2528.306432,667.3207746,2050.61
2007/9/14,987,7,1,14,9,0,1104.552588,252.7192884,2184.37
2007/9/15,988,1,0,15,9,0,1527.150744,293.3678363,885.83
2007/9/16,989,2,0,16,9,0,2385.981254,455.1465295,1013.48
2007/9/17,990,3,0,17,9,0,2489.279399,524.3192049,1565.96
2007/9/18,991,4,0,18,9,0,1483.148272,324.3453315,1577.22
2007/9/19,992,5,0,19,9,0,2209.956542,638.7176062,1049.06
2007/9/20,993,6,1,20,9,0,2552.056332,919.1471414,2000.00
2007/9/21,994,7,1,21,9,0,1055.078515,302.7857677,2193.57
2007/9/22,995,1,0,22,9,0,1623.274309,619.0234571,1013.79
2007/9/23,996,2,0,23,9,0,2297.866849,891.8561423,941.23
2007/9/24,997,3,0,24,9,0,2520.450365,1072.449759,1646.97
2007/9/25,998,4,0,25,9,0,1432.552634,568.5610859,1529.99
2007/9/26,999,5,0,26,9,0,2211.036101,861.200177,987.34
2007/9/27,1000,6,1,27,9,0,2605.664363,837.1958047,2011.34
2007/9/28,1001,7,1,28,9,0,1097.621866,231.5063512,2234.33
2007/9/29,1002,1,0,29,9,0,1513.976092,365.771733,975.27
2007/9/30,1003,2,0,30,9,0,2341.289301,499.3756097,985.46
2007/10/1,1004,3,0,1,10,0,2434.854157,519.5083022,1004.90
2007/10/2,1005,4,0,2,10,0,1421.626913,272.1922289,1046.76
2007/10/3,1006,5,0,3,10,0,2596.877474,757.829307,662.09
2007/10/4,1007,6,1,4,10,0,3114.290393,1112.998408,1361.36
2007/10/5,1008,7,1,5,10,0,1459.747327,480.7687086,1359.72
2007/10/6,1009,1,0,6,10,0,1951.46468,773.9097196,703.84
2007/10/7,1010,2,0,7,10,0,2793.878205,1135.046633,746.68
2007/10/8,1011,3,0,8,10,0,3002.719806,1247.91032,1089.49
2007/10/9,1012,4,0,9,10,0,1773.238896,607.2586511,1046.31
2007/10/10,1013,5,0,10,10,0,2604.583624,993.1672316,758.14
2007/10/11,1014,6,1,11,10,0,3151.169769,1117.357648,1326.65
2007/10/12,1015,7,1,12,10,0,1407.03492,423.2592455,1448.42
2007/10/13,1016,1,0,13,10,0,2024.970179,588.8536154,738.37
2007/10/14,1017,2,0,14,10,0,2783.114828,639.7919784,774.98
2007/10/15,1018,3,0,15,10,0,3015.837954,570.9747457,1014.05
2007/10/16,1019,4,0,16,10,0,1715.309434,212.1380742,1097.39
2007/10/17,1020,5,0,17,10,0,2652.170545,566.471294,696.52
2007/10/18,1021,6,1,18,10,0,3099.654026,898.2987651,1323.50
2007/10/19,1022,7,1,19,10,0,1517.750755,478.5053583,1418.75
2007/10/20,1023,1,0,20,10,0,1895.319681,616.3116131,748.71
2007/10/21,1024,2,0,21,10,0,2786.038414,1003.919711,662.20
2007/10/22,1025,3,0,22,10,0,2967.887522,1239.813086,1112.32
2007/10/23,1026,4,0,23,10,0,1718.358299,714.8871981,988.54
2007/10/24,1027,5,0,24,10,0,2581.373758,1053.702039,636.08
2007/10/25,1028,6,1,25,10,0,3208.935175,1238.769729,1234.07
2007/10/26,1029,7,1,26,10,0,1401.645788,457.475539,1366.12
2007/10/27,1030,1,0,27,10,0,1996.713236,611.3496811,626.08
2007/10/28,1031,2,0,28,10,0,2795.204645,838.3868362,701.05
2007/10/29,1032,3,0,29,10,0,3037.154617,822.4827863,1037.45
2007/10/30,1033,4,0,30,10,0,1793.812456,305.0868674,991.08
2007/10/31,1034,5,0,31,10,0,2616.545811,472.4015933,762.71
2007/11/1,1035,6,1,1,11,0,3146.126892,670.4149913,1432.76
2007/11/2,1036,7,1,2,11,0,1500.342759,246.1573091,1483.08
2007/11/3,1037,1,0,3,11,0,2033.363411,574.9218571,730.91
2007/11/4,1038,2,0,4,11,0,2859.205239,881.4858593,755.38
2007/11/5,1039,3,0,5,11,0,3054.799172,1169.592975,1181.11
2007/11/6,1040,4,0,6,11,0,1813.0669,634.2258221,1089.47
2007/11/7,1041,5,0,7,11,0,2578.174937,1078.930951,770.42
2007/11/8,1042,6,1,8,11,0,3138.313398,1311.675657,1355.54
2007/11/9,1043,7,1,9,11,0,1417.27403,425.4346361,1453.45
2007/11/10,1044,1,0,10,11,0,2033.543064,701.0831543,801.18
2007/11/11,1045,2,0,11,11,0,2887.219517,1036.358776,761.61
2007/11/12,1046,3,0,12,11,0,2999.224049,1004.549856,1119.70
2007/11/13,1047,4,0,13,11,0,1791.204125,512.8087659,1128.47
2007/11/14,1048,5,0,14,11,0,2649.693789,679.2448546,730.80
2007/11/15,1049,6,1,15,11,0,3230.451599,674.8478609,1406.55
2007/11/16,1050,7,1,16,11,0,1451.40344,154.36403,1484.37
2007/11/17,1051,1,0,17,11,0,1998.243919,442.9225407,734.92
2007/11/18,1052,2,0,18,11,0,2817.645062,805.5679676,760.81
2007/11/19,1053,3,0,19,11,0,3101.285773,921.6592226,1178.53
2007/11/20,1054,4,0,20,11,0,1820.634737,621.2993929,1106.65
2007/11/21,1055,5,0,21,11,0,2603.633029,1023.888977,742.84
2007/11/22,1056,6,1,22,11,0,3159.941522,1132.026695,1364.59
2007/11/23,1057,7,1,23,11,0,1430.613568,509.4750679,1571.59
2007/11/24,1058,1,0,24,11,0,1971.193418,704.7026722,766.83
2007/11/25,1059,2,0,25,11,0,2864.465758,1122.337278,687.01
2007/11/26,1060,3,0,26,11,0,3095.770106,1130.343209,1074.16
2007/11/27,1061,4,0,27,11,0,1799.983494,537.5722343,1123.40
2007/11/28,1062,5,0,28,11,0,2657.771036,863.5264485,703.08
2007/11/29,1063,6,1,29,11,0,3212.163789,903.536764,1434.15
2007/11/30,1064,7,1,30,11,0,1463.705177,248.7069638,1604.55
2007/12/1,1065,1,0,1,12,0,2026.471518,386.0924842,975.23
2007/12/2,1066,2,0,2,12,0,2803.496158,711.626651,1016.36
2007/12/3,1067,3,0,3,12,0,2433.861317,676.1725586,1558.33
2007/12/4,1068,4,0,4,12,0,1455.542782,449.0205189,1598.10
2007/12/5,1069,5,0,5,12,0,2140.81712,647.8285829,1020.28
2007/12/6,1070,6,1,6,12,0,2580.206185,964.450026,2079.14
2007/12/7,1071,7,1,7,12,0,1187.39822,362.3587433,2263.07
2007/12/8,1072,1,0,8,12,0,1548.325607,487.6529492,921.39
2007/12/9,1073,2,0,9,12,0,2339.670447,866.3478859,982.51
2007/12/10,1074,3,0,10,12,0,2525.593266,952.7067947,1599.41
2007/12/11,1075,4,0,11,12,0,1496.0133,462.9959968,1617.49
2007/12/12,1076,5,0,12,12,0,2197.089736,626.9832846,925.68
2007/12/13,1077,6,1,13,12,0,2545.219982,607.3159352,2111.77
2007/12/14,1078,7,1,14,12,0,1172.927156,135.89399,2247.01
2007/12/15,1079,1,0,15,12,0,1559.521611,216.1042114,1023.75
2007/12/16,1080,2,0,16,12,0,2295.61476,353.5440871,975.30
2007/12/17,1081,3,0,17,12,0,2432.690868,520.7859759,1597.24
2007/12/18,1082,4,0,18,12,0,1468.662383,236.6391534,1626.64
2007/12/19,1083,5,0,19,12,0,2220.77838,608.1011476,1032.99
2007/12/20,1084,6,1,20,12,0,2649.78151,941.4126681,2032.21
2007/12/21,1085,7,1,21,12,0,1100.353489,305.7581167,2270.68
2007/12/22,1086,1,0,22,12,0,1573.416181,567.9129972,950.36
2007/12/23,1087,2,0,23,12,0,2280.40807,796.2199369,1003.41
2007/12/24,1088,3,0,24,12,0,2430.211826,877.5910418,1640.12
2007/12/25,1089,4,0,25,12,0,1500.416812,517.7178994,1602.20
2007/12/26,1090,5,0,26,12,0,2195.41309,664.4494269,1002.04
2007/12/27,1091,6,1,27,12,0,2623.603525,783.6522602,2106.68
2007/12/28,1092,7,1,28,12,0,1076.207558,160.0715519,2227.54
2007/12/29,1093,1,0,29,12,0,1531.496995,338.165622,924.40
2007/12/30,1094,2,0,30,12,1,3418.549633,894.2570156,990.49
2007/12/31,1095,3,0,31,12,1,3731.353591,787.336639,1620.72
